事业环境因素,活动定义,输入
组织过程资产,活动定义,输入
项目范围说明书,活动定义,输入
工作分解结构,活动定义,输入
活动定义,分解,内容
活动定义,模版,内容
活动定义,滚动式规划,内容
活动定义,专家判断,内容
活动定义,规划组成部分,内容
活动定义,活动清单0,输出
活动定义,活动属性0,输出
活动定义,里程碑清单,输出
活动定义,请求的变更,输出
项目范围说明书,活动排序,输入
活动清单0,活动排序,输入
活动属性0,活动排序,输入
里程碑清单,活动排序,输入
批准的变更请求,活动排序,输入
活动排序,前导图法,内容
活动排序,箭线图法,内容
活动排序,计划网络模版,内容
活动排序,确定依赖关系,内容
活动排序,利用时间提前量与滞后量,内容
活动排序,项目进度网络图,输出
活动排序,活动清单1,输出
活动排序,活动属性1,输出
活动排序,请求的变更,输出
事业环境因素,活动资源估算,输入
组织过程资产,活动资源估算,输入
活动清单1,活动资源估算,输入
活动属性1,活动资源估算,输入
资源可利用情况,活动资源估算,输入
项目管理计划,活动资源估算,输入
活动资源估算,专家判断,内容
活动资源估算,多方案分析,内容
活动资源估算,估算数据,内容
活动资源估算,项目管理软件,内容
活动资源估算,自下而上估算,内容
活动资源估算,活动资源要求,输出
活动资源估算,活动属性2,输出
活动资源估算,资源分解结构,输出
活动资源估算,资源日历,输出
活动资源估算,请求的变更,输出
事业环境因素,进行活动历时估算,输入
组织过程资产,进行活动历时估算,输入
项目范围说明书,进行活动历时估算,输入
活动清单1,进行活动历时估算,输入
活动属性2,进行活动历时估算,输入
活动资源要求,进行活动历时估算,输入
资源日历,进行活动历时估算,输入
风险登记册,进行活动历时估算,输入
活动费用估算,进行活动历时估算,输入
进行活动历时估算,专家判断,内容
进行活动历时估算,类比估算,内容
进行活动历时估算,参数估算,内容
进行活动历时估算,三点估算,内容
进行活动历时估算,后备分析,内容
进行活动历时估算,活动历时估算,输出
进行活动历时估算,活动属性3,输出
组织过程资产,制定进度计划,输入
项目范围说明书,制定进度计划,输入
活动清单1,制定进度计划,输入
活动属性3,制定进度计划,输入
项目进度网络图,制定进度计划,输入
活动资源要求,制定进度计划,输入
资源日历,制定进度计划,输入
活动历时估算,制定进度计划,输入
项目管理计划,制定进度计划,输入
进度管理计划1,制定进度计划,输入
费用管理计划,制定进度计划,输入
项目范围管理计划,制定进度计划,输入
风险管理计划,制定进度计划,输入
制定进度计划,进行网络分析,内容
制定进度计划,关键路径法,内容
制定进度计划,进度压缩,内容
制定进度计划,假设情景分析,内容
制定进度计划,资源平衡,内容
制定进度计划,关键链法,内容
制定进度计划,项目管理软件,内容
制定进度计划,应用日历,内容
制定进度计划,调整时间提前与滞后量,内容
制定进度计划,进度模型,内容
制定进度计划,项目进度表,输出
制定进度计划,进度模型数据,输出
制定进度计划,进度基准,输出
制定进度计划,活动资源要求,输出
制定进度计划,活动属性4,输出
制定进度计划,项目日历,输出
制定进度计划,请求的变更,输出
制定进度计划,项目管理计划,输出
制定进度计划,进度管理计划0,输出
项目管理计划,项目进度控制,输入
进度管理计划0,项目进度控制,输入
进度基准,项目进度控制,输入
绩效报告,项目进度控制,输入
批准的变更请求,项目进度控制,输入
项目进度控制,进度报告,内容
项目进度控制,进度变更控制系统,内容
项目进度控制,绩效衡量,内容
项目进度控制,项目管理软件,内容
项目进度控制,偏差分析,内容
项目进度控制,进度比较横道图,内容
项目进度控制,资源平衡,内容
项目进度控制,假设条件情景分析,内容
项目进度控制,进度压缩,内容
项目进度控制,制定进度的工具,内容
项目进度控制,进度模型数据,输出
项目进度控制,进度基准,输出
项目进度控制,绩效衡量,输出
项目进度控制,请求的变更,输出
项目进度控制,推荐的纠正措施,输出
项目进度控制,组织过程资产,输出
项目进度控制,活动清单1,输出
项目进度控制,活动属性4,输出
项目进度控制,项目管理计划,输出
项目进度控制,进度管理计划1,输出
